Exercices/1_1_Echantillonnage_Exercices.ipynb,Done
Exercices/1_1_Echantillonnage_Exercices.ipynb,Done with 2nd
Solution/1_1_Echantillonnage_Solution.ipynb,Done
Solution/1_1_Echantillonnage_Solution.ipynb,Done with 2nd
Exercices/1_1_Echantillonnage_Exercices.ipynb,Done
Exercices/1_1_Echantillonnage_Exercices.ipynb,Done with 2nd
Solution/1_1_Echantillonnage_Solution.ipynb,Done
Solution/1_1_Echantillonnage_Solution.ipynb,Done with 2nd
Exercices/1_1_Echantillonnage_Exercices.ipynb,Done
Solution/1_1_Echantillonnage_Solution.ipynb,Done
Exercices/1_1_Echantillonnage_Exercices.ipynb,Done
Solution/1_1_Echantillonnage_Solution.ipynb,Done
Exercices/1_1_Echantillonnage_Exercices.ipynb,Done
Solution/1_1_Echantillonnage_Solution.ipynb,Done
Exercices/1_1_Echantillonnage_Exercices.ipynb,Done
Solution/1_1_Echantillonnage_Solution.ipynb,Done
Exercices/1_1_Echantillonnage_Exercices.ipynb,Done
Exercices/1_1_Echantillonnage_Exercices.ipynb,Done with 2nd
Solution/1_1_Echantillonnage_Solution.ipynb,Done
Solution/1_1_Echantillonnage_Solution.ipynb,Done with 2nd
Exercices/1_1_Echantillonnage_Exercices.ipynb,Done
Exercices/1_1_Echantillonnage_Exercices.ipynb,Done with 2nd
Solution/1_1_Echantillonnage_Solution.ipynb,Done
Solution/1_1_Echantillonnage_Solution.ipynb,Done with 2nd
Exercices/1_1_Echantillonnage_Exercices.ipynb,Done
Exercices/1_1_Echantillonnage_Exercices.ipynb,Done with 2nd
Solution/1_1_Echantillonnage_Solution.ipynb,Done
Solution/1_1_Echantillonnage_Solution.ipynb,Done with 2nd
Exercices/1_1_Echantillonnage_Exercices.ipynb,Done
Exercices/1_1_Echantillonnage_Exercices.ipynb,Done with 2nd
Solution/1_1_Echantillonnage_Solution.ipynb,Done
Solution/1_1_Echantillonnage_Solution.ipynb,Done with 2nd
Exercices/1_1_Echantillonnage_Exercices.ipynb,Done
Exercices/1_1_Echantillonnage_Exercices.ipynb,Done with 2nd
Solution/1_1_Echantillonnage_Solution.ipynb,Done
Solution/1_1_Echantillonnage_Solution.ipynb,Done with 2nd
Exercices/1_1_Echantillonnage_Exercices.ipynb,Done
Exercices/1_1_Echantillonnage_Exercices.ipynb,Done with 2nd
Solution/1_1_Echantillonnage_Solution.ipynb,Done
Solution/1_1_Echantillonnage_Solution.ipynb,Done with 2nd
Exercices/1_1_Echantillonnage_Exercices.ipynb,Done
Exercices/1_1_Echantillonnage_Exercices.ipynb,Done with 2nd
Solution/1_1_Echantillonnage_Solution.ipynb,Done
Solution/1_1_Echantillonnage_Solution.ipynb,Done with 2nd
Exercices/1_1_Echantillonnage_Exercices.ipynb,Done
Exercices/1_1_Echantillonnage_Exercices.ipynb,Done with 2nd
Solution/1_1_Echantillonnage_Solution.ipynb,Done
Solution/1_1_Echantillonnage_Solution.ipynb,Done with 2nd
Exercices/1_1_Echantillonnage_Exercices.ipynb,Done
Exercices/3_Matrice_de_Confusion.ipynb,Done
Exercices/5_Probability_(using_Python).ipynb,Done
Exercices/6_Statistial_Experiments_and_Significance_Testing.ipynb,Done
Exercices/7_Regression_Linéaire.ipynb,Done
Solution/1_1_Echantillonnage_Solution.ipynb,Done
Solution/3_Matrice_de_Confusion.ipynb,Done
Solution/5_Probability_(using_Python).ipynb,Done
Solution/6_Statistial_Experiments_and_Significance_Testing.ipynb,Done
Solution/7_Regression_Linéaire.ipynb,Done
Exercices/1_1_Echantillonnage_Exercices.ipynb,Done
Exercices/1_1_Echantillonnage_Exercices.ipynb,Done with 2nd
Solution/1_1_Echantillonnage_Solution.ipynb,Done
Solution/1_1_Echantillonnage_Solution.ipynb,Done with 2nd
